{
  "_class": "sharedStyle",
  "do_objectID": "73615B8F-4249-4362-9FE6-50C18BF89298",
  "name": "Chart / _Solid Line + Fill (60%) / Dark Grey",
  "value": {
    "_class": "style",
    "borders": [
      {
        "_class": "border",
        "color": {
          "_class": "color",
          "alpha": 1,
          "blue": 0.2392156862745098,
          "green": 0.1764705882352941,
          "red": 0.1215686274509804
        },
        "fillType": 0,
        "isEnabled": true,
        "position": 0,
        "thickness": 2
      }
    ],
    "endDecorationType": 0,
    "fills": [
      {
        "_class": "fill",
        "color": {
          "_class": "color",
          "alpha": 0.5999999642372131,
          "blue": 0.2392156862745098,
          "green": 0.1764705882352941,
          "red": 0.1215686274509804
        },
        "fillType": 0,
        "isEnabled": true,
        "noiseIndex": 0,
        "noiseIntensity": 0,
        "patternFillType": 1,
        "patternTileScale": 1
      }
    ],
    "miterLimit": 10,
    "sharedObjectID": "73615B8F-4249-4362-9FE6-50C18BF89298",
    "startDecorationType": 0
  }
}